{"cameraMode":{"drawMode":0,"name":"Shaded","section":"Shading Mode"},"sceneLighting":true,"audioPlay":false,"sceneViewState":{"m_AlwaysRefresh":false,"showFog":true,"showSkybox":true,"showFlares":true,"showImageEffects":true,"showParticleSystems":true,"showVisualEffectGraphs":true,"m_FxEnabled":true},"in2DMode":false,"pivot":{"x":-7.7537760734558109,"y":-2.252744674682617,"z":0.6214640140533447},"rotation":{"x":0.6360679268836975,"y":-0.0034727028105407955,"z":0.0028625610284507276,"w":0.7716221809387207},"size":5.906646728515625,"orthographic":false}