{"cameraMode":{"drawMode":0,"name":"Shaded","section":"Shading Mode"},"sceneLighting":true,"audioPlay":false,"sceneViewState":{"m_AlwaysRefresh":false,"showFog":true,"showSkybox":true,"showFlares":true,"showImageEffects":true,"showParticleSystems":true,"showVisualEffectGraphs":true,"m_FxEnabled":true},"in2DMode":false,"pivot":{"x":-3.734133005142212,"y":-5.618447780609131,"z":-16.65697479248047},"rotation":{"x":0.6360679268836975,"y":-0.0034727028105407955,"z":0.0028625610284507276,"w":0.7716221809387207},"size":14.673839569091797,"orthographic":false}