{"cameraMode":{"drawMode":0,"name":"Shaded","section":"Shading Mode"},"sceneLighting":true,"audioPlay":false,"sceneViewState":{"m_AlwaysRefresh":false,"showFog":true,"showSkybox":true,"showFlares":true,"showImageEffects":true,"showParticleSystems":true,"showVisualEffectGraphs":true,"m_FxEnabled":true},"in2DMode":false,"pivot":{"x":-4.28873348236084,"y":1.5195344686508179,"z":-16.36147689819336},"rotation":{"x":0.7060445547103882,"y":-0.0010622496483847499,"z":0.001059068599715829,"w":0.7081658840179443},"size":12.492951393127442,"orthographic":false}